{
  "experiment_info": {
    "model_name": "distilbert-base-uncased",
    "num_labels": 3,
    "training_date": "2025-12-14T13:06:58.972148",
    "total_training_time_minutes": 11.627666668097179
  },
  "dataset_info": {
    "train_size": 714,
    "val_size": 126,
    "test_size": 210,
    "total_size": 1050
  },
  "model_config": {
    "model_name": "distilbert-base-uncased",
    "num_labels": 3,
    "max_length": 128,
    "batch_size": 16,
    "learning_rate": 2e-05,
    "num_epochs": 5,
    "warmup_steps": 500,
    "weight_decay": 0.01,
    "save_steps": 200,
    "eval_steps": 200,
    "logging_steps": 50
  },
  "final_metrics": {
    "eval_accuracy": 0.9428571428571428,
    "eval_f1_weighted": 0.9427668380785151,
    "eval_f1_macro": 0.9466198419666374,
    "eval_f1_micro": 0.9428571428571428,
    "eval_precision_weighted": 0.9429108359340916,
    "eval_recall_weighted": 0.9428571428571428,
    "eval_f1_class_0": 1.0,
    "eval_precision_class_0": 1.0,
    "eval_recall_class_0": 1.0,
    "eval_f1_negative": 1.0,
    "eval_f1_class_1": 0.9104477611940298,
    "eval_precision_class_1": 0.9242424242424242,
    "eval_recall_class_1": 0.8970588235294118,
    "eval_f1_neutral": 0.9104477611940298,
    "eval_f1_class_2": 0.9294117647058824,
    "eval_precision_class_2": 0.9186046511627907,
    "eval_recall_class_2": 0.9404761904761905,
    "eval_f1_positive": 0.9294117647058824,
    "eval_loss": 0.7169524651986582
  },
  "model_path": "c:\\Users\\siddh\\Downloads\\DATA641 Final (Vespr)\\models\\final_model"
}