{
  "training_time_minutes": 3.882395152250926,
  "final_test_results": {
    "eval_accuracy": 0.9904761904761905,
    "eval_f1_weighted": 0.9904878312421529,
    "eval_f1_macro": 0.9911530178685757,
    "eval_f1_micro": 0.9904761904761905,
    "eval_precision_weighted": 0.9907482993197279,
    "eval_recall_weighted": 0.9904761904761905,
    "eval_f1_class_0": 1.0,
    "eval_precision_class_0": 1.0,
    "eval_recall_class_0": 1.0,
    "eval_f1_negative": 1.0,
    "eval_f1_class_1": 0.9855072463768116,
    "eval_precision_class_1": 0.9714285714285714,
    "eval_recall_class_1": 1.0,
    "eval_f1_neutral": 0.9855072463768116,
    "eval_f1_class_2": 0.9879518072289156,
    "eval_precision_class_2": 1.0,
    "eval_recall_class_2": 0.9761904761904762,
    "eval_f1_positive": 0.9879518072289156,
    "eval_loss": 0.36303401545242026
  },
  "model_path": "/Users/ani14kay/Documents/GitHub/VesprAI/models/final_model",
  "training_timestamp": "2025-12-14T18:04:55.848257",
  "training_losses": [
    0.47570460471842024,
    0.40039832161532507,
    0.23110217203696568,
    0.09652610739900006,
    0.0529841616956724,
    0.04224217821740442
  ],
  "validation_metrics": [
    {
      "accuracy": 0.8095238095238095,
      "f1_weighted": 0.8124274630421028,
      "f1_macro": 0.8067226322075935,
      "f1_micro": 0.8095238095238095,
      "precision_weighted": 0.8437794089968004,
      "recall_weighted": 0.8095238095238095,
      "f1_class_0": 0.8837209302325582,
      "precision_class_0": 0.8260869565217391,
      "recall_class_0": 0.95,
      "f1_negative": 0.8837209302325582,
      "f1_class_1": 0.8275862068965517,
      "precision_class_1": 1.0,
      "recall_class_1": 0.7058823529411765,
      "f1_neutral": 0.8275862068965517,
      "f1_class_2": 0.7088607594936709,
      "precision_class_2": 0.6363636363636364,
      "recall_class_2": 0.8,
      "f1_positive": 0.7088607594936709,
      "loss": 1.0550589114427567
    },
    {
      "accuracy": 0.9682539682539683,
      "f1_weighted": 0.9683774250440917,
      "f1_macro": 0.9681481481481482,
      "f1_micro": 0.9682539682539683,
      "precision_weighted": 0.9692170304415203,
      "recall_weighted": 0.9682539682539683,
      "f1_class_0": 1.0,
      "precision_class_0": 1.0,
      "recall_class_0": 1.0,
      "f1_negative": 1.0,
      "f1_class_1": 0.96,
      "precision_class_1": 0.9795918367346939,
      "recall_class_1": 0.9411764705882353,
      "f1_neutral": 0.96,
      "f1_class_2": 0.9444444444444444,
      "precision_class_2": 0.918918918918919,
      "recall_class_2": 0.9714285714285714,
      "f1_positive": 0.9444444444444444,
      "loss": 0.8779390342533588
    },
    {
      "accuracy": 0.9920634920634921,
      "f1_weighted": 0.9920800933212033,
      "f1_macro": 0.9920048342862455,
      "f1_micro": 0.9920634920634921,
      "precision_weighted": 0.9922839506172839,
      "recall_weighted": 0.9920634920634921,
      "f1_class_0": 1.0,
      "precision_class_0": 1.0,
      "recall_class_0": 1.0,
      "f1_negative": 1.0,
      "f1_class_1": 0.9900990099009901,
      "precision_class_1": 1.0,
      "recall_class_1": 0.9803921568627451,
      "f1_neutral": 0.9900990099009901,
      "f1_class_2": 0.9859154929577465,
      "precision_class_2": 0.9722222222222222,
      "recall_class_2": 1.0,
      "f1_positive": 0.9859154929577465,
      "loss": 0.5874897092580795
    },
    {
      "accuracy": 0.9920634920634921,
      "f1_weighted": 0.9920800933212033,
      "f1_macro": 0.9920048342862455,
      "f1_micro": 0.9920634920634921,
      "precision_weighted": 0.9922839506172839,
      "recall_weighted": 0.9920634920634921,
      "f1_class_0": 1.0,
      "precision_class_0": 1.0,
      "recall_class_0": 1.0,
      "f1_negative": 1.0,
      "f1_class_1": 0.9900990099009901,
      "precision_class_1": 1.0,
      "recall_class_1": 0.9803921568627451,
      "f1_neutral": 0.9900990099009901,
      "f1_class_2": 0.9859154929577465,
      "precision_class_2": 0.9722222222222222,
      "recall_class_2": 1.0,
      "f1_positive": 0.9859154929577465,
      "loss": 0.41553509421646595
    },
    {
      "accuracy": 1.0,
      "f1_weighted": 1.0,
      "f1_macro": 1.0,
      "f1_micro": 1.0,
      "precision_weighted": 1.0,
      "recall_weighted": 1.0,
      "f1_class_0": 1.0,
      "precision_class_0": 1.0,
      "recall_class_0": 1.0,
      "f1_negative": 1.0,
      "f1_class_1": 1.0,
      "precision_class_1": 1.0,
      "recall_class_1": 1.0,
      "f1_neutral": 1.0,
      "f1_class_2": 1.0,
      "precision_class_2": 1.0,
      "recall_class_2": 1.0,
      "f1_positive": 1.0,
      "loss": 0.3470399733632803
    },
    {
      "accuracy": 1.0,
      "f1_weighted": 1.0,
      "f1_macro": 1.0,
      "f1_micro": 1.0,
      "precision_weighted": 1.0,
      "recall_weighted": 1.0,
      "f1_class_0": 1.0,
      "precision_class_0": 1.0,
      "recall_class_0": 1.0,
      "f1_negative": 1.0,
      "f1_class_1": 1.0,
      "precision_class_1": 1.0,
      "recall_class_1": 1.0,
      "f1_neutral": 1.0,
      "f1_class_2": 1.0,
      "precision_class_2": 1.0,
      "recall_class_2": 1.0,
      "f1_positive": 1.0,
      "loss": 0.33874789625406265
    }
  ],
  "best_f1_score": 1.0,
  "total_epochs_trained": 6,
  "early_stopped": false,
  "enhancement_features": {
    "focal_loss": true,
    "label_smoothing": true,
    "mixup": false,
    "layered_learning_rates": true,
    "gradient_clipping": true,
    "cosine_scheduler": true
  }
}