{
  "training_time_minutes": 11.622835477193197,
  "final_test_results": {
    "eval_accuracy": 0.9428571428571428,
    "eval_f1_weighted": 0.9427668380785151,
    "eval_f1_macro": 0.9466198419666374,
    "eval_f1_micro": 0.9428571428571428,
    "eval_precision_weighted": 0.9429108359340916,
    "eval_recall_weighted": 0.9428571428571428,
    "eval_f1_class_0": 1.0,
    "eval_precision_class_0": 1.0,
    "eval_recall_class_0": 1.0,
    "eval_f1_negative": 1.0,
    "eval_f1_class_1": 0.9104477611940298,
    "eval_precision_class_1": 0.9242424242424242,
    "eval_recall_class_1": 0.8970588235294118,
    "eval_f1_neutral": 0.9104477611940298,
    "eval_f1_class_2": 0.9294117647058824,
    "eval_precision_class_2": 0.9186046511627907,
    "eval_recall_class_2": 0.9404761904761905,
    "eval_f1_positive": 0.9294117647058824,
    "eval_loss": 0.7169524651986582
  },
  "model_path": "c:\\Users\\siddh\\Downloads\\DATA641 Final (Vespr)\\models\\final_model",
  "training_timestamp": "2025-12-14T13:05:06.395574",
  "training_losses": [
    0.48480950395266215,
    0.41960847642686633,
    0.2794572045405706,
    0.14405328333377837,
    0.08855277539955245,
    0.07470986555433935
  ],
  "validation_metrics": [
    {
      "accuracy": 0.5714285714285714,
      "f1_weighted": 0.5461951261921824,
      "f1_macro": 0.5371748096210858,
      "f1_micro": 0.5714285714285714,
      "precision_weighted": 0.7529395653392443,
      "recall_weighted": 0.5714285714285714,
      "f1_class_0": 0.6201550387596899,
      "precision_class_0": 0.449438202247191,
      "recall_class_0": 1.0,
      "f1_negative": 0.6201550387596899,
      "f1_class_1": 0.5822784810126582,
      "precision_class_1": 0.8214285714285714,
      "recall_class_1": 0.45098039215686275,
      "f1_neutral": 0.5822784810126582,
      "f1_class_2": 0.4090909090909091,
      "precision_class_2": 1.0,
      "recall_class_2": 0.2571428571428571,
      "f1_positive": 0.4090909090909091,
      "loss": 1.065649837255478
    },
    {
      "accuracy": 0.9047619047619048,
      "f1_weighted": 0.9046994617411612,
      "f1_macro": 0.9048243477826484,
      "f1_micro": 0.9047619047619048,
      "precision_weighted": 0.9157218442932729,
      "recall_weighted": 0.9047619047619048,
      "f1_class_0": 0.975609756097561,
      "precision_class_0": 0.9523809523809523,
      "recall_class_0": 1.0,
      "f1_negative": 0.975609756097561,
      "f1_class_1": 0.8817204301075269,
      "precision_class_1": 0.9761904761904762,
      "recall_class_1": 0.803921568627451,
      "f1_neutral": 0.8817204301075269,
      "f1_class_2": 0.8571428571428571,
      "precision_class_2": 0.7857142857142857,
      "recall_class_2": 0.9428571428571428,
      "f1_positive": 0.8571428571428571,
      "loss": 0.9331692419946194
    },
    {
      "accuracy": 0.9841269841269841,
      "f1_weighted": 0.9841269841269841,
      "f1_macro": 0.9839402427637722,
      "f1_micro": 0.9841269841269841,
      "precision_weighted": 0.9841269841269841,
      "recall_weighted": 0.9841269841269841,
      "f1_class_0": 1.0,
      "precision_class_0": 1.0,
      "recall_class_0": 1.0,
      "f1_negative": 1.0,
      "f1_class_1": 0.9803921568627451,
      "precision_class_1": 0.9803921568627451,
      "recall_class_1": 0.9803921568627451,
      "f1_neutral": 0.9803921568627451,
      "f1_class_2": 0.9714285714285714,
      "precision_class_2": 0.9714285714285714,
      "recall_class_2": 0.9714285714285714,
      "f1_positive": 0.9714285714285714,
      "loss": 0.6848105862736702
    },
    {
      "accuracy": 0.9841269841269841,
      "f1_weighted": 0.9841269841269841,
      "f1_macro": 0.9839402427637722,
      "f1_micro": 0.9841269841269841,
      "precision_weighted": 0.9841269841269841,
      "recall_weighted": 0.9841269841269841,
      "f1_class_0": 1.0,
      "precision_class_0": 1.0,
      "recall_class_0": 1.0,
      "f1_negative": 1.0,
      "f1_class_1": 0.9803921568627451,
      "precision_class_1": 0.9803921568627451,
      "recall_class_1": 0.9803921568627451,
      "f1_neutral": 0.9803921568627451,
      "f1_class_2": 0.9714285714285714,
      "precision_class_2": 0.9714285714285714,
      "recall_class_2": 0.9714285714285714,
      "f1_positive": 0.9714285714285714,
      "loss": 0.513901274651289
    },
    {
      "accuracy": 0.9841269841269841,
      "f1_weighted": 0.9841269841269841,
      "f1_macro": 0.9839402427637722,
      "f1_micro": 0.9841269841269841,
      "precision_weighted": 0.9841269841269841,
      "recall_weighted": 0.9841269841269841,
      "f1_class_0": 1.0,
      "precision_class_0": 1.0,
      "recall_class_0": 1.0,
      "f1_negative": 1.0,
      "f1_class_1": 0.9803921568627451,
      "precision_class_1": 0.9803921568627451,
      "recall_class_1": 0.9803921568627451,
      "f1_neutral": 0.9803921568627451,
      "f1_class_2": 0.9714285714285714,
      "precision_class_2": 0.9714285714285714,
      "recall_class_2": 0.9714285714285714,
      "f1_positive": 0.9714285714285714,
      "loss": 0.45158897154033184
    },
    {
      "accuracy": 0.9841269841269841,
      "f1_weighted": 0.9841269841269841,
      "f1_macro": 0.9839402427637722,
      "f1_micro": 0.9841269841269841,
      "precision_weighted": 0.9841269841269841,
      "recall_weighted": 0.9841269841269841,
      "f1_class_0": 1.0,
      "precision_class_0": 1.0,
      "recall_class_0": 1.0,
      "f1_negative": 1.0,
      "f1_class_1": 0.9803921568627451,
      "precision_class_1": 0.9803921568627451,
      "recall_class_1": 0.9803921568627451,
      "f1_neutral": 0.9803921568627451,
      "f1_class_2": 0.9714285714285714,
      "precision_class_2": 0.9714285714285714,
      "recall_class_2": 0.9714285714285714,
      "f1_positive": 0.9714285714285714,
      "loss": 0.4431870672851801
    }
  ],
  "best_f1_score": 0.9841269841269841,
  "total_epochs_trained": 6,
  "early_stopped": true,
  "enhancement_features": {
    "focal_loss": true,
    "label_smoothing": true,
    "mixup": false,
    "layered_learning_rates": true,
    "gradient_clipping": true,
    "cosine_scheduler": true
  }
}