{
  "training_time_minutes": 3.9601363142331443,
  "final_test_results": {
    "eval_accuracy": 1.0,
    "eval_f1_weighted": 1.0,
    "eval_f1_macro": 1.0,
    "eval_f1_micro": 1.0,
    "eval_precision_weighted": 1.0,
    "eval_recall_weighted": 1.0,
    "eval_f1_class_0": 1.0,
    "eval_precision_class_0": 1.0,
    "eval_recall_class_0": 1.0,
    "eval_f1_negative": 1.0,
    "eval_f1_class_1": 1.0,
    "eval_precision_class_1": 1.0,
    "eval_recall_class_1": 1.0,
    "eval_f1_neutral": 1.0,
    "eval_f1_class_2": 1.0,
    "eval_precision_class_2": 1.0,
    "eval_recall_class_2": 1.0,
    "eval_f1_positive": 1.0,
    "eval_loss": 0.3519525428613027
  },
  "model_path": "/Users/ani14kay/Documents/GitHub/VesprAI/models/final_model",
  "training_timestamp": "2025-12-19T17:04:29.136993",
  "training_losses": [
    0.47858097155888873,
    0.3943161772357093,
    0.21558970382644072,
    0.0870354034834438,
    0.049537482236822444,
    0.04210124514583084
  ],
  "validation_metrics": [
    {
      "accuracy": 0.7857142857142857,
      "f1_weighted": 0.780002795063036,
      "f1_macro": 0.7693234476367007,
      "f1_micro": 0.7857142857142857,
      "precision_weighted": 0.777226969965013,
      "recall_weighted": 0.7857142857142857,
      "f1_class_0": 0.9156626506024096,
      "precision_class_0": 0.8837209302325582,
      "recall_class_0": 0.95,
      "f1_negative": 0.9156626506024096,
      "f1_class_1": 0.8076923076923077,
      "precision_class_1": 0.7924528301886793,
      "recall_class_1": 0.8235294117647058,
      "f1_neutral": 0.8076923076923077,
      "f1_class_2": 0.5846153846153846,
      "precision_class_2": 0.6333333333333333,
      "recall_class_2": 0.5428571428571428,
      "f1_positive": 0.5846153846153846,
      "loss": 1.0514253303408623
    },
    {
      "accuracy": 0.8888888888888888,
      "f1_weighted": 0.8896115627822945,
      "f1_macro": 0.891237579042457,
      "f1_micro": 0.8888888888888888,
      "precision_weighted": 0.9127893383212532,
      "recall_weighted": 0.8888888888888888,
      "f1_class_0": 1.0,
      "precision_class_0": 1.0,
      "recall_class_0": 1.0,
      "f1_negative": 1.0,
      "f1_class_1": 0.8444444444444444,
      "precision_class_1": 0.9743589743589743,
      "recall_class_1": 0.7450980392156863,
      "f1_neutral": 0.8444444444444444,
      "f1_class_2": 0.8292682926829268,
      "precision_class_2": 0.723404255319149,
      "recall_class_2": 0.9714285714285714,
      "f1_positive": 0.8292682926829268,
      "loss": 0.874556690454483
    },
    {
      "accuracy": 0.9841269841269841,
      "f1_weighted": 0.9841269841269841,
      "f1_macro": 0.9839402427637722,
      "f1_micro": 0.9841269841269841,
      "precision_weighted": 0.9841269841269841,
      "recall_weighted": 0.9841269841269841,
      "f1_class_0": 1.0,
      "precision_class_0": 1.0,
      "recall_class_0": 1.0,
      "f1_negative": 1.0,
      "f1_class_1": 0.9803921568627451,
      "precision_class_1": 0.9803921568627451,
      "recall_class_1": 0.9803921568627451,
      "f1_neutral": 0.9803921568627451,
      "f1_class_2": 0.9714285714285714,
      "precision_class_2": 0.9714285714285714,
      "recall_class_2": 0.9714285714285714,
      "f1_positive": 0.9714285714285714,
      "loss": 0.5741212069988251
    },
    {
      "accuracy": 0.9920634920634921,
      "f1_weighted": 0.9920445078739717,
      "f1_macro": 0.9919328361709113,
      "f1_micro": 0.9920634920634921,
      "precision_weighted": 0.9922161172161172,
      "recall_weighted": 0.9920634920634921,
      "f1_class_0": 1.0,
      "precision_class_0": 1.0,
      "recall_class_0": 1.0,
      "f1_negative": 1.0,
      "f1_class_1": 0.9902912621359223,
      "precision_class_1": 0.9807692307692307,
      "recall_class_1": 1.0,
      "f1_neutral": 0.9902912621359223,
      "f1_class_2": 0.9855072463768116,
      "precision_class_2": 1.0,
      "recall_class_2": 0.9714285714285714,
      "f1_positive": 0.9855072463768116,
      "loss": 0.39860453456640244
    },
    {
      "accuracy": 0.9920634920634921,
      "f1_weighted": 0.9920445078739717,
      "f1_macro": 0.9919328361709113,
      "f1_micro": 0.9920634920634921,
      "precision_weighted": 0.9922161172161172,
      "recall_weighted": 0.9920634920634921,
      "f1_class_0": 1.0,
      "precision_class_0": 1.0,
      "recall_class_0": 1.0,
      "f1_negative": 1.0,
      "f1_class_1": 0.9902912621359223,
      "precision_class_1": 0.9807692307692307,
      "recall_class_1": 1.0,
      "f1_neutral": 0.9902912621359223,
      "f1_class_2": 0.9855072463768116,
      "precision_class_2": 1.0,
      "recall_class_2": 0.9714285714285714,
      "f1_positive": 0.9855072463768116,
      "loss": 0.3411668259650469
    },
    {
      "accuracy": 1.0,
      "f1_weighted": 1.0,
      "f1_macro": 1.0,
      "f1_micro": 1.0,
      "precision_weighted": 1.0,
      "recall_weighted": 1.0,
      "f1_class_0": 1.0,
      "precision_class_0": 1.0,
      "recall_class_0": 1.0,
      "f1_negative": 1.0,
      "f1_class_1": 1.0,
      "precision_class_1": 1.0,
      "recall_class_1": 1.0,
      "f1_neutral": 1.0,
      "f1_class_2": 1.0,
      "precision_class_2": 1.0,
      "recall_class_2": 1.0,
      "f1_positive": 1.0,
      "loss": 0.3337062504142523
    }
  ],
  "best_f1_score": 1.0,
  "total_epochs_trained": 6,
  "early_stopped": false,
  "enhancement_features": {
    "focal_loss": true,
    "label_smoothing": true,
    "mixup": false,
    "layered_learning_rates": true,
    "gradient_clipping": true,
    "cosine_scheduler": true
  }
}